Bottin1_1820,107
Bottin1_1820,201
Bottin1_1820,339
Bottin1_1820,589
Bottin1_1827,37
Bottin1_1827,117
Bottin1_1827,452
Bottin1_1827,475
Bottin1_1837,80
Bottin1_1837,114
Bottin1_1837,203
Bottin1_1837,345
Bottin1_1837,663
Bottin1_1837,667
Bottin3_1854a,72
Bottin3_1854a,74
Bottin3_1854a,200
Bottin3_1854a,238
Bottin3_1854a,557
Bottin3_1854a,647
Bottin3_1854a,892
Bottin3_1854a,1049
Cambon_almgene_1841,141
Cambon_almgene_1841,301
Cambon_almgene_1841,330
Cambon_almgene_1841,375
Cambon_almgene_1841,418
Cambon_almgene_1841,487
Deflandre_1828,278
Deflandre_1828,310
Deflandre_1828,881
Deflandre_1828,937
Deflandre_1829,505
Deflandre_1829,743
Deflandre_1829,949
Deflandre_1829,1026
Didot_1841a,162
Didot_1841a,183
Didot_1841a,206
Didot_1841a,316
Didot_1841a,500
Didot_1841a,542
Didot_1851a,92
Didot_1851a,169
Didot_1851a,226
Didot_1851a,415
Didot_1851a,419
Didot_1851a,639
Didot_1851a,698
Didot_1851a,888
Didot_1851a,915
Didot_1854a,83
Didot_1854a,326
Didot_1854a,607
Didot_1854a,1012
Didot_1854a,1104
Didot_1854a,1167
DidotBottin_1860a,186
DidotBottin_1860a,280
DidotBottin_1861a,238
DidotBottin_1861a,424
Duverneuil_et_La_Tynna_1801,260
Duverneuil_et_La_Tynna_1801,371
Duverneuil_et_La_Tynna_1801,401
Duverneuil_et_La_Tynna_1801,415
Duverneuil_et_La_Tynna_1801,454
Duverneuil_et_La_Tynna_1805,193
Duverneuil_et_La_Tynna_1805,250
Duverneuil_et_La_Tynna_1805,251
Duverneuil_et_La_Tynna_1805,292
Duverneuil_et_La_Tynna_1805,305
Duverneuil_et_La_Tynna_1806,147
Duverneuil_et_La_Tynna_1806,220
Duverneuil_et_La_Tynna_1806,243
Duverneuil_et_La_Tynna_1806,253
Favre_et_Duchesne_1798,375
Favre_et_Duchesne_1798,429
Favre_et_Duchesne_1798,625
Favre_et_Duchesne_1798,658
Favre_et_Duchesne_1798,700
Favre_et_Duchesne_1798,701
La_Tynna_1813,163
La_Tynna_1813,166
La_Tynna_1813,346
La_Tynna_1813,377
Notables_communaux_seine_1801,57
Notables_communaux_seine_1801,144
Panckoucke_comm_1820,283
Panckoucke_comm_1820,341
Panckoucke_comm_1820,728
Panckoucke_comm_1820,732
Panckoucke_hab_Dulac_1820,184
Panckoucke_hab_Dulac_1820,330
Panckoucke_hab_Dulac_1820,676
Panckoucke_hab_Dulac_1820,687
